<?xml version="1.0"?>
<data grt_format="2.0">
  <value _ptr_="09E3FB40" type="list" content-type="object" content-struct-name="db.mgmt.Connection">
    <value type="object" struct-name="db.mgmt.Connection" id="{412CC9D0-550C-45E2-BA6B-2CFB552DF364}" struct-checksum="0x96ba47d8">
      <link type="object" struct-name="db.mgmt.Driver" key="driver">com.mysql.rdbms.mysql.driver.native</link>
      <value type="string" key="hostIdentifier">Mysql@localhost:3306</value>
      <value type="int" key="isDefault">1</value>
      <value _ptr_="09F34760" type="dict" key="modules"/>
      <value _ptr_="09F34710" type="dict" key="parameterValues">
        <value type="string" key=""></value>
        <value type="string" key="DbSqlEditor:LastDefaultSchema">instapro</value>
        <value type="string" key="SQL_MODE"></value>
        <value type="string" key="hostName">localhost</value>
        <value type="int" key="lastConnected">1411939209</value>
        <value type="string" key="password"></value>
        <value type="int" key="port">3306</value>
        <value type="string" key="schema"></value>
        <value type="string" key="serverVersion">5.5.8</value>
        <value type="string" key="sslCA"></value>
        <value type="string" key="sslCert"></value>
        <value type="string" key="sslCipher"></value>
        <value type="string" key="sslKey"></value>
        <value type="string" key="userName">root</value>
      </value>
      <value type="string" key="name">Local instance mysql</value>
      <link type="object" struct-name="GrtObject" key="owner">{42F5A78C-4943-48DF-B98C-7C2330CF45F5}</link>
    </value>
  </value>
</data>
