<?xml version="1.0"?>
<data grt_format="2.0">
  <value _ptr_="09E3FB90" type="list" content-type="object" content-struct-name="db.mgmt.ServerInstance">
    <value type="object" struct-name="db.mgmt.ServerInstance" id="{0558F5EF-E93A-4E09-B10B-DE5A0EFA6D8E}" struct-checksum="0x367436e2">
      <link type="object" struct-name="db.mgmt.Connection" key="connection">{412CC9D0-550C-45E2-BA6B-2CFB552DF364}</link>
      <value _ptr_="09F35E30" type="dict" key="loginInfo">
        <value type="string" key="wmi.hostName"></value>
        <value type="string" key="wmi.userName"></value>
      </value>
      <value _ptr_="09F346C0" type="dict" key="serverInfo">
        <value type="string" key="basedir">C:/xampp/mysql</value>
        <value type="string" key="datadir">C:\xampp\mysql\data\</value>
        <value type="string" key="errorLogFilePath">mysql_error.log</value>
        <value type="string" key="generalLogFilePath">C:\xampp\mysql\data\Deivi-NOTE.log</value>
        <value type="string" key="serverVersion">5.5.8</value>
        <value type="int" key="setupPending">1</value>
        <value type="string" key="slowLogFilePath">C:\xampp\mysql\data\Deivi-NOTE-slow.log</value>
        <value type="string" key="sys.config.path">c:\xampp\mysql\bin\my.ini</value>
        <value type="int" key="sys.config.path.lock">1</value>
        <value type="string" key="sys.config.section">mysqld</value>
        <value type="string" key="sys.mysqld.service_name">mysql</value>
        <value type="string" key="sys.preset">Custom</value>
        <value type="string" key="sys.system">Windows</value>
        <value type="int" key="windowsAdmin">1</value>
      </value>
      <value type="string" key="name">Local mysql</value>
    </value>
    <value type="object" struct-name="db.mgmt.ServerInstance" id="{71B3FDC8-B2DC-4E70-B6F6-6010464B1980}" struct-checksum="0x367436e2">
      <link type="object" struct-name="db.mgmt.Connection" key="connection">{92641D74-AF21-42B3-8E69-18AC3000E896}</link>
      <value _ptr_="0B280380" type="dict" key="loginInfo">
        <value type="string" key="ssh.hostName"></value>
        <value type="string" key="ssh.key">C:\Users\Deivi\AppData\Roaming/.ssh/ssh_private_key</value>
        <value type="string" key="ssh.localPort">3306</value>
        <value type="int" key="ssh.useKey">0</value>
        <value type="string" key="ssh.userName">mysql</value>
      </value>
      <value _ptr_="0B27FF70" type="dict" key="serverInfo">
        <value type="string" key="basedir">C:/xampp/mysql</value>
        <value type="string" key="datadir">C:\xampp\mysql\data\</value>
        <value type="string" key="errorLogFilePath">mysql_error.log</value>
        <value type="string" key="generalLogFilePath">C:\xampp\mysql\data\Deivi-NOTE.log</value>
        <value type="string" key="serverVersion">5.5.8</value>
        <value type="int" key="setupPending">1</value>
        <value type="string" key="slowLogFilePath">C:\xampp\mysql\data\Deivi-NOTE-slow.log</value>
        <value type="string" key="sys.config.path">%ProgramData%\MySQL\MySQL Server 5.5\my.ini</value>
        <value type="string" key="sys.config.section">mysqld</value>
        <value type="string" key="sys.mysqld.service_name">MySQL</value>
        <value type="string" key="sys.mysqld.start">sc start mysql</value>
        <value type="string" key="sys.mysqld.stop">sc stop mysql</value>
        <value type="string" key="sys.system">Windows</value>
        <value type="int" key="sys.usesudo">1</value>
        <value type="int" key="windowsAdmin">1</value>
      </value>
      <value type="string" key="name"></value>
      <link type="object" struct-name="GrtObject" key="owner">{42F5A78C-4943-48DF-B98C-7C2330CF45F5}</link>
    </value>
  </value>
</data>
